[
   {
      "nombre": "Usuarios",
      "icono": "person",
      "ruta": "/dashboard/usuarios"
   },
   {
      "nombre": "Roles",
      "icono": "view_timeline",
      "ruta": "/dashboard/roles"
   },
   {
      "nombre": "Clientes",
      "icono": "group",
      "ruta": "/dashboard/clientes"
   },
   {
      "nombre": "Premios",
      "icono": "card_giftcard",
      "ruta": "/dashboard/premios"
   },
   {
      "nombre": "Tickets",
      "icono": "confirmation_number",
      "ruta": "/dashboard/tickets"
   },
   {
      "nombre": "Juegos",
      "icono": "sports_esports",
      "ruta": "/dashboard/juego/seleccion"
   }
   
]
